{
  "id": "1547206",
  "name": "小黄tu'biao",
  "font_family": "iconfont",
  "css_prefix_text": "icon",
  "description": "",
  "glyphs": [
    {
      "icon_id": "144109",
      "name": "手机",
      "font_class": "shouji",
      "unicode": "e60d",
      "unicode_decimal": 58893
    },
    {
      "icon_id": "397544",
      "name": "购物车",
      "font_class": "icon22fuzhi",
      "unicode": "e603",
      "unicode_decimal": 58883
    },
    {
      "icon_id": "600797",
      "name": "话筒",
      "font_class": "huatong",
      "unicode": "e68c",
      "unicode_decimal": 59020
    },
    {
      "icon_id": "951523",
      "name": "视频",
      "font_class": "shipin",
      "unicode": "e60a",
      "unicode_decimal": 58890
    },
    {
      "icon_id": "1266045",
      "name": "会议工程",
      "font_class": "icon-08",
      "unicode": "e60c",
      "unicode_decimal": 58892
    },
    {
      "icon_id": "2017884",
      "name": "电视机",
      "font_class": "dianshiji",
      "unicode": "e66a",
      "unicode_decimal": 58986
    },
    {
      "icon_id": "2430934",
      "name": "耳机",
      "font_class": "erji",
      "unicode": "e624",
      "unicode_decimal": 58916
    },
    {
      "icon_id": "3755856",
      "name": "爱心",
      "font_class": "aixin",
      "unicode": "e613",
      "unicode_decimal": 58899
    },
    {
      "icon_id": "5320687",
      "name": "吉他-单色",
      "font_class": "jita-danse",
      "unicode": "e60e",
      "unicode_decimal": 58894
    },
    {
      "icon_id": "5387650",
      "name": "个人头像",
      "font_class": "gerentouxiang",
      "unicode": "eb24",
      "unicode_decimal": 60196
    },
    {
      "icon_id": "7129319",
      "name": "音响",
      "font_class": "yinxiang",
      "unicode": "e8fa",
      "unicode_decimal": 59642
    },
    {
      "icon_id": "10152099",
      "name": "客服",
      "font_class": "kefu",
      "unicode": "e6ad",
      "unicode_decimal": 59053
    },
    {
      "icon_id": "10198483",
      "name": "录音",
      "font_class": "luyin",
      "unicode": "e67f",
      "unicode_decimal": 59007
    },
    {
      "icon_id": "10231208",
      "name": "主播中心",
      "font_class": "zhubozhongxin",
      "unicode": "e616",
      "unicode_decimal": 58902
    }
  ]
}
